1,M. Eslami,31,G
22,S. Gareili,25,G
30,Manu,30,G
40,M. Janfeshan,25,G
41,S. Seyyed,25,G
42,P. Shamlou,34,G
2,S. Mehdipour,29,D
3,H. Gordani,33,D
5,Edson Henrique,29,D
6,B. Kamel,30,D
8,K. Kakashvili,23,D
15,M. Mahfouzi,30,D
20,M. Nosrati,34,D
36,S. Hosseiniannezhad,25,D
55,M. Ghoreishi,26,D
43,M. Fathi,23,D
44,M. Mohammadpouri,31,D
45,A. Mortazaei,22,D
46,K. Nikkhou,25,D
47,M. Shahmohammadi,25,D
48,A. Tizro,33,D
9,A. Ghaseminejad,30,M
10,A. Amirkamdar,27,M
11,P. Sadeghian,24,M
14,A. Teymourian,33,M
16,S. Rahbar Baghaei,22,M
18,A. Zarei,25,M
23,B. Ahmadi,23,M
27,A. Dindar,20,M
49,J. Barzegar,25,M
60,M. Bijani ,34,M
61,S. Eghbali,25,M
62,M. Khanzad,25,M
63,Thaer Krouma,26,M
64,R. Pirzadeh,34,M
65,F. Pourkhanmohammad,23,M
66,A. Pourmohammad,25,M
67,I. Raeisinasab,25,M
68,F. Taheri,25,M
69,S. Tavakoli,25,M
7,S. Nariman Jahan,25,A
17,H. Pakdel,25,A
19,J. Rafkhaei,32,A
37,M. Bayrami,26,A
51,A. Afaghi,25,A
52,A. Daneshian,25,A
53,H. Gharedaghi,25,A
54,F. Mohammadi,29,A
